{"params": {"bias": 1.51, "Na": 0.001098, "Mg": 0.001627, "Al": -0.000278, "Si": -0.000104, "K": 0.001165, "Ca": 0.002892, "Ba": 0.00287, "Fe": 0.000358, "Mean Absolute Error": 0.000598785074268556, "Mean Squared Error": 5.424493964993956e-07, "Root Mean Squared Error": 0.0007365116404371323}}